{
    "VA": {
      "1": {
        "CPU-DPU": 63.977,
        "DPU-CPU": 74.57,
        "DPU": 76.404,
        "Inter-DPU": 0
      },
      "60": {
        "CPU-DPU": 5.104,
        "DPU-CPU": 6.481,
        "DPU": 1.604,
        "Inter-DPU": 0
      }
    },
    "SCAN-RSS": {
      "1": {
        "CPU-DPU": 90.051,
        "DPU-CPU": 210.301,
        "DPU": 234.38099999999997,
        "Inter-DPU": 0.141
      },
      "60": {
        "CPU-DPU": 8.123,
        "DPU-CPU": 18.917,
        "DPU": 4.315,
        "Inter-DPU": 0.794
      }
    },
    "HST-S": {
      "1": {
        "CPU-DPU": 22.536,
        "DPU-CPU": 0.211,
        "DPU": 129.909,
        "Inter-DPU": 0
      },
      "60": {
        "CPU-DPU": 1.831,
        "DPU-CPU": 0.295,
        "DPU": 2.558,
        "Inter-DPU": 0
      }
    },
    "SEL": {
      "1": {
        "CPU-DPU": 90.235,
        "DPU-CPU": 112.847,
        "DPU": 137.978,
        "Inter-DPU": 0.094
      },
      "60": {
        "CPU-DPU": 8.331,
        "DPU-CPU": 199.021,
        "DPU": 2.571,
        "Inter-DPU": 0.391
      }
    },
    "TRNS": {
      "1": {
        "CPU-DPU": 464129.642,
        "DPU-CPU": 5600.394,
        "DPU": 26336.203,
        "Inter-DPU": 0
      },
      "60": {
        "CPU-DPU": 18124.779,
        "DPU-CPU": 345.815,
        "DPU": 822.929,
        "Inter-DPU": 0
      }
    },
    "GEMV": {
      "1": {
        "CPU-DPU": 96.039667,
        "DPU-CPU": 0.552333,
        "DPU": 484.217667,
        "Inter-DPU": 0
      },
      "60": {
        "CPU-DPU": 7.6,
        "DPU-CPU": 0.286667,
        "DPU": 9.129333,
        "Inter-DPU": 0
      }
    },
    "SpMV": {
      "1": {
        "CPU-DPU": 17.961999,
        "DPU-CPU": 1.407,
        "DPU": 856.881976,
        "Inter-DPU": 0
      },
      "60": {
        "CPU-DPU": 75.520009,
        "DPU-CPU": 5.036,
        "DPU": 23.435,
        "Inter-DPU": 0
      }
    },
    "RED": {
      "1": {
        "CPU-DPU": 144.814,
        "DPU-CPU": 0,
        "DPU": 154.516,
        "Inter-DPU": 0.178
      },
      "60": {
        "CPU-DPU": 13.041,
        "DPU-CPU": 0,
        "DPU": 2.839,
        "Inter-DPU": 1.227
      }
    },
    "UNI": {
      "1": {
        "CPU-DPU": 95.548,
        "DPU-CPU": 106.924,
        "DPU": 95.452,
        "Inter-DPU": 0.245
      },
      "60": {
        "CPU-DPU": 8.594,
        "DPU-CPU": 196.662,
        "DPU": 1.852,
        "Inter-DPU": 1.813
      }
    },
    "BFS": {
      "1": {
        "CPU-DPU": 137.494000,
        "DPU-CPU": 9.755,
        "DPU": 3286.123000,
        "Inter-DPU": 8.572000
      },
      "60": {
        "CPU-DPU": 240.810000,
        "DPU-CPU": 848.687000,
        "DPU": 238.891000,
        "Inter-DPU": 519.730000
      }
    },
    "BS": {
      "1": {
        "CPU-DPU": 46.004333,
        "DPU-CPU": 0.095,
        "DPU": 2449.007,
        "Inter-DPU": 0
      },
      "60": {
        "CPU-DPU": 187.359333,
        "DPU-CPU": 0.644333,
        "DPU": 43.696333,
        "Inter-DPU": 0
      }
    },
    "NW": {
      "1": {
        "CPU-DPU": 185.867,
        "DPU-CPU": 246.187,
        "DPU": 1420.412,
        "Inter-DPU": 0.201
      },
      "60": {
        "CPU-DPU": 298.014,
        "DPU-CPU": 335.933,
        "DPU": 91.643,
        "Inter-DPU": 294.39
      }
    },
    "HST-L": {
      "1": {
        "CPU-DPU": 22.017,
        "DPU-CPU": 0.209,
        "DPU": 436.601,
        "Inter-DPU": 0
      },
      "60": {
        "CPU-DPU": 1.723,
        "DPU-CPU": 0.292,
        "DPU": 7.355,
        "Inter-DPU": 0
      }
    },
    "TS": {
      "1": {
        "CPU-DPU": 22.731,
        "DPU-CPU": 0.174333,
        "DPU": 10859.021667,
        "Inter-DPU": 0.0
      },
      "60": {
        "CPU-DPU": 4.390333,
        "DPU-CPU": 1.149333,
        "DPU": 249.571667,
        "Inter-DPU": 0.0
      }
    },
    "MLP": {
      "1": {
        "CPU-DPU": 94.021333,
        "DPU-CPU": 0.512333,
        "DPU": 959.606667,
        "Inter-DPU": 156.213
      },
      "60": {
        "CPU-DPU": 7.981333,
        "DPU-CPU": 0.237333,
        "DPU": 18.179667,
        "Inter-DPU": 12.952667
      }
    },
    "SCAN-SSA": {
      "1": {
        "CPU-DPU": 90.171,
        "DPU-CPU": 199.519,
        "DPU": 286.528,
        "Inter-DPU": 0.147
      },
      "60": {
        "CPU-DPU": 8.457,
        "DPU-CPU": 17.751,
        "DPU": 5.198,
        "Inter-DPU": 0.768
      }
    }
  }