{
    "native": {
      "BS": {
        "CPU-DPU": 87.359333,
        "DPU": 43.696333,
        "Inter-DPU": 0,
        "DPU-CPU": 0.644333
      },
      "TS": {
        "CPU-DPU": 4.390333,
        "DPU": 249.571667,
        "Inter-DPU": 0.0,
        "DPU-CPU": 1.149333
      },
      "MLP": {
        "CPU-DPU": 7.981333,
        "DPU": 18.179667,
        "Inter-DPU": 12.952667,
        "DPU-CPU": 0.237333
      },
      "HST-L": {
        "CPU-DPU": 1.723,
        "DPU": 7.355,
        "Inter-DPU": 0,
        "DPU-CPU": 0.292
      },
      "HST-S": {
        "CPU-DPU": 1.831,
        "DPU": 2.558,
        "Inter-DPU": 0,
        "DPU-CPU": 0.295
      },
      "GEMV": {
        "CPU-DPU": 7.6,
        "DPU": 9.129333,
        "Inter-DPU": 0,
        "DPU-CPU": 0.286667
      },
      "VA": {
        "CPU-DPU": 5.104,
        "DPU": 1.604,
        "Inter-DPU": 0,
        "DPU-CPU": 6.481
      },
      "SCAN-RSS": {
        "CPU-DPU": 8.123,
        "DPU": 4.315,
        "Inter-DPU": 0.794,
        "DPU-CPU": 18.917
      },
      "SCAN-SSA": {
        "CPU-DPU": 8.457,
        "DPU": 5.198,
        "Inter-DPU": 0.768,
        "DPU-CPU": 17.751
      },
      "RED": {
        "CPU-DPU": 13.041,
        "DPU": 2.839,
        "Inter-DPU": 1.227,
        "DPU-CPU": 0
      },
      "SEL": {
        "CPU-DPU": 8.331,
        "DPU": 2.571,
        "Inter-DPU": 0.391,
        "DPU-CPU": 199.021
      },
      "UNI": {
        "CPU-DPU": 8.594,
        "DPU": 1.852,
        "Inter-DPU": 1.813,
        "DPU-CPU": 196.662
      },
      "SpMV": {
        "CPU-DPU": 75.520009,
        "DPU": 23.435,
        "Inter-DPU": 0,
        "DPU-CPU": 5.036
      },
      "BFS": {
        "CPU-DPU": 68.534993,
        "DPU": 150.598019,
        "Inter-DPU": 248.915002,
        "DPU-CPU": 14.184
      },
      "NW": {
        "CPU-DPU": 298.014,
        "DPU": 91.643,
        "Inter-DPU": 294.39,
        "DPU-CPU": 335.933
      },
      "TRNS": {
        "CPU-DPU": 20445.504000,
        "DPU": 823.002,
        "Inter-DPU": 0,
        "DPU-CPU": 390.558000
      }
    },
    "VPIM": {
      "BS": {
        "CPU-DPU": 162.655333,
        "DPU": 51.331,
        "Inter-DPU": 0,
        "DPU-CPU": 36.314333
      },
      "TS": {
        "CPU-DPU": 111.261,
        "DPU": 257.917,
        "Inter-DPU": 0.0,
        "DPU-CPU": 72.956333
      },
      "MLP": {
        "CPU-DPU": 27.383333,
        "DPU": 46.987667,
        "Inter-DPU": 44.607,
        "DPU-CPU": 12.216667
      },
      "HST-L": {
        "CPU-DPU": 19.137,
        "DPU": 18.432,
        "Inter-DPU": 0,
        "DPU-CPU": 8.391
      },
      "HST-S": {
        "CPU-DPU": 19.361,
        "DPU": 12.259,
        "Inter-DPU": 0,
        "DPU-CPU": 9.11
      },
      "GEMV": {
        "CPU-DPU": 26.345333,
        "DPU": 21.28,
        "Inter-DPU": 0,
        "DPU-CPU": 12.137667
      },
      "VA": {
        "CPU-DPU": 29.263,
        "DPU": 13.966,
        "Inter-DPU": 0,
        "DPU-CPU": 23.333
      },
      "SCAN-RSS": {
        "CPU-DPU": 29.661,
        "DPU": 14.068000000000001,
        "Inter-DPU": 45.501,
        "DPU-CPU": 35.646
      },
      "SCAN-SSA": {
        "CPU-DPU": 33.479,
        "DPU": 15.25,
        "Inter-DPU": 49.183,
        "DPU-CPU": 35.34
      },
      "RED": {
        "CPU-DPU": 34.005,
        "DPU": 14.668,
        "Inter-DPU": 67.205,
        "DPU-CPU": 0
      },
      "SEL": {
        "CPU-DPU": 27.866,
        "DPU": 14.83,
        "Inter-DPU": 24.587,
        "DPU-CPU": 572.097
      },
      "UNI": {
        "CPU-DPU": 31.343,
        "DPU": 11.744,
        "Inter-DPU": 100.935,
        "DPU-CPU": 558.325
      },
      "SpMV": {
        "CPU-DPU": 1005.79524,
        "DPU": 35.595,
        "Inter-DPU": 0,
        "DPU-CPU": 317.642003
      },
      "BFS": {
        "CPU-DPU": 0,
        "DPU": 0,
        "Inter-DPU": 0,
        "DPU-CPU": 0
      },
      "NW": {
        "CPU-DPU": 18694.303,
        "DPU": 1880.713,
        "Inter-DPU": 15021.331,
        "DPU-CPU": 18602.612
      },
      "TRNS": {
        "CPU-DPU": 0,
        "DPU": 0,
        "Inter-DPU": 0,
        "DPU-CPU": 0
      }
    }
  }